{"cameraMode":{"drawMode":0,"name":"Shaded","section":"Shading Mode"},"sceneLighting":false,"audioPlay":false,"sceneViewState":{"showFog":true,"showMaterialUpdate":false,"showSkybox":false,"showFlares":true,"showImageEffects":true,"showParticleSystems":true},"in2DMode":false,"pivot":{"x":26.801706314086915,"y":1.8759082555770875,"z":1.7420189380645753},"rotation":{"x":-0.059551823884248736,"y":0.2713063657283783,"z":-0.016448182985186578,"w":-0.9606490135192871},"size":0.3105970621109009,"orthographic":false}