{"cameraMode":{"drawMode":0,"name":"Shaded","section":"Shading Mode"},"sceneLighting":false,"audioPlay":false,"sceneViewState":{"showFog":true,"showMaterialUpdate":false,"showSkybox":false,"showFlares":true,"showImageEffects":true,"showParticleSystems":true},"in2DMode":false,"pivot":{"x":30.371652603149415,"y":1.6476715803146363,"z":6.572630882263184},"rotation":{"x":-0.060790449380874637,"y":-0.9190089702606201,"z":0.1577088087797165,"w":-0.3565421998500824},"size":3.1059696674346926,"orthographic":false}