{"cameraMode":{"drawMode":0,"name":"Shaded","section":"Shading Mode"},"sceneLighting":true,"audioPlay":false,"sceneViewState":{"showFog":true,"showMaterialUpdate":false,"showSkybox":true,"showFlares":true,"showImageEffects":true,"showParticleSystems":true},"in2DMode":false,"pivot":{"x":9.898857116699219,"y":0.9731457233428955,"z":11.886116981506348},"rotation":{"x":0.0013702386058866978,"y":0.8990374803543091,"z":0.00265698810108006,"w":-0.4390285015106201},"size":1.1935579776763917,"orthographic":false}