{"cameraMode":{"drawMode":0,"name":"Shaded","section":"Shading Mode"},"sceneLighting":false,"audioPlay":false,"sceneViewState":{"showFog":true,"showMaterialUpdate":false,"showSkybox":false,"showFlares":true,"showImageEffects":true,"showParticleSystems":true},"in2DMode":false,"pivot":{"x":0.037836551666259769,"y":2.901728391647339,"z":-0.004777431488037109},"rotation":{"x":0.022771824151277543,"y":-0.8818877935409546,"z":0.04022730886936188,"w":0.46993663907051089},"size":3.532167911529541,"orthographic":false}