{"cameraMode":{"drawMode":0,"name":"Shaded","section":"Shading Mode"},"sceneLighting":true,"audioPlay":false,"sceneViewState":{"showFog":true,"showMaterialUpdate":false,"showSkybox":true,"showFlares":true,"showImageEffects":true,"showParticleSystems":true},"in2DMode":false,"pivot":{"x":27.698986053466798,"y":1.5835951566696168,"z":2.7282514572143556},"rotation":{"x":0.018190668895840646,"y":0.9221959710121155,"z":-0.04540537670254707,"w":0.3845483958721161},"size":0.866025447845459,"orthographic":false}