{"cameraMode":{"drawMode":0,"name":"Shaded","section":"Shading Mode"},"sceneLighting":false,"audioPlay":false,"sceneViewState":{"showFog":true,"showMaterialUpdate":false,"showSkybox":false,"showFlares":true,"showImageEffects":true,"showParticleSystems":true},"in2DMode":false,"pivot":{"x":28.963504791259767,"y":0.9441221356391907,"z":16.10152816772461},"rotation":{"x":0.0395173579454422,"y":0.8361473083496094,"z":-0.05838906019926071,"w":0.5450600385665894},"size":1.2636371850967408,"orthographic":false}