{"cameraMode":{"drawMode":0,"name":"Shaded","section":"Shading Mode"},"sceneLighting":false,"audioPlay":false,"sceneViewState":{"showFog":true,"showMaterialUpdate":false,"showSkybox":false,"showFlares":true,"showImageEffects":true,"showParticleSystems":true},"in2DMode":false,"pivot":{"x":54.71053695678711,"y":23.649080276489259,"z":53.82724380493164},"rotation":{"x":-0.03466044366359711,"y":0.961982786655426,"z":-0.2279178947210312,"w":-0.14975519478321076},"size":0.7589389681816101,"orthographic":false}