{"cameraMode":{"drawMode":0,"name":"Shaded","section":"Shading Mode"},"sceneLighting":true,"audioPlay":false,"sceneViewState":{"showFog":true,"showMaterialUpdate":false,"showSkybox":true,"showFlares":true,"showImageEffects":true,"showParticleSystems":true},"in2DMode":false,"pivot":{"x":22.514902114868165,"y":3.1714775562286379,"z":6.003873825073242},"rotation":{"x":-0.1155487596988678,"y":-0.7973936796188355,"z":0.16558347642421723,"w":-0.5703117251396179},"size":1.7331324815750123,"orthographic":false}