{"cameraMode":{"drawMode":0,"name":"Shaded","section":"Shading Mode"},"sceneLighting":false,"audioPlay":false,"sceneViewState":{"showFog":true,"showMaterialUpdate":false,"showSkybox":false,"showFlares":true,"showImageEffects":true,"showParticleSystems":true},"in2DMode":false,"pivot":{"x":-0.00017178058624267578,"y":-0.3611838221549988,"z":0.23414325714111329},"rotation":{"x":-0.00044831380364485085,"y":0.988766610622406,"z":-0.00296630896627903,"w":-0.14943747222423554},"size":0.24236467480659486,"orthographic":false}