{"cameraMode":{"drawMode":0,"name":"Shaded","section":"Shading Mode"},"sceneLighting":false,"audioPlay":false,"sceneViewState":{"showFog":true,"showMaterialUpdate":false,"showSkybox":false,"showFlares":true,"showImageEffects":true,"showParticleSystems":true},"in2DMode":false,"pivot":{"x":0.20392084121704102,"y":-0.0051164329051971439,"z":0.330102801322937},"rotation":{"x":-0.04708663001656532,"y":-0.8417302370071411,"z":0.07696571201086045,"w":-0.5329013466835022},"size":0.8660253882408142,"orthographic":false}