{"cameraMode":{"drawMode":0,"name":"Shaded","section":"Shading Mode"},"sceneLighting":false,"audioPlay":false,"sceneViewState":{"showFog":true,"showMaterialUpdate":false,"showSkybox":false,"showFlares":true,"showImageEffects":true,"showParticleSystems":true},"in2DMode":false,"pivot":{"x":2.4426021575927736,"y":-3.026456117630005,"z":-0.8640994429588318},"rotation":{"x":-0.006414140574634075,"y":-0.8988943696022034,"z":0.015589946880936623,"w":-0.4395982623100281},"size":0.7510808110237122,"orthographic":false}