{"cameraMode":{"drawMode":0,"name":"Shaded","section":"Shading Mode"},"sceneLighting":false,"audioPlay":false,"sceneViewState":{"showFog":true,"showMaterialUpdate":false,"showSkybox":false,"showFlares":true,"showImageEffects":true,"showParticleSystems":true},"in2DMode":false,"pivot":{"x":27.164899826049806,"y":-0.25332343578338625,"z":10.509639739990235},"rotation":{"x":0.04661191999912262,"y":0.8677390217781067,"z":-0.08831721544265747,"w":0.48859596252441409},"size":0.7510803937911987,"orthographic":false}