{"cameraMode":{"drawMode":0,"name":"Shaded","section":"Shading Mode"},"sceneLighting":false,"audioPlay":false,"sceneViewState":{"showFog":true,"showMaterialUpdate":false,"showSkybox":false,"showFlares":true,"showImageEffects":true,"showParticleSystems":true},"in2DMode":false,"pivot":{"x":19.578128814697267,"y":0.7148973941802979,"z":15.757018089294434},"rotation":{"x":-0.1791759729385376,"y":-0.38697028160095217,"z":-0.07942844927310944,"w":0.9019482135772705},"size":0.7510803937911987,"orthographic":false}