{"cameraMode":{"drawMode":0,"name":"Shaded","section":"Shading Mode"},"sceneLighting":false,"audioPlay":false,"sceneViewState":{"showFog":true,"showMaterialUpdate":false,"showSkybox":false,"showFlares":true,"showImageEffects":true,"showParticleSystems":true},"in2DMode":false,"pivot":{"x":27.35837173461914,"y":1.708114504814148,"z":5.100449085235596},"rotation":{"x":0.026115866377949716,"y":-0.6517544984817505,"z":-0.022062554955482484,"w":-0.7578381896018982},"size":3.1059694290161135,"orthographic":false}