{"cameraMode":{"drawMode":0,"name":"Shaded","section":"Shading Mode"},"sceneLighting":true,"audioPlay":false,"sceneViewState":{"showFog":true,"showMaterialUpdate":false,"showSkybox":true,"showFlares":true,"showImageEffects":true,"showParticleSystems":true},"in2DMode":false,"pivot":{"x":11.552194595336914,"y":-42.36404800415039,"z":-40.82010269165039},"rotation":{"x":-0.026956606656312944,"y":0.9183053374290466,"z":-0.39130595326423647,"w":-0.05961499735713005},"size":34.486663818359378,"orthographic":false}