{"cameraMode":{"drawMode":0,"name":"Shaded","section":"Shading Mode"},"sceneLighting":false,"audioPlay":false,"sceneViewState":{"showFog":true,"showMaterialUpdate":false,"showSkybox":false,"showFlares":true,"showImageEffects":true,"showParticleSystems":true},"in2DMode":false,"pivot":{"x":42.74236297607422,"y":22.66838836669922,"z":61.346431732177737},"rotation":{"x":0.05342265963554382,"y":-0.8471212387084961,"z":0.0874079167842865,"w":0.5216773748397827},"size":1.6286492347717286,"orthographic":false}