{"cameraMode":{"drawMode":0,"name":"Shaded","section":"Shading Mode"},"sceneLighting":true,"audioPlay":false,"sceneViewState":{"showFog":true,"showMaterialUpdate":false,"showSkybox":true,"showFlares":true,"showImageEffects":true,"showParticleSystems":true},"in2DMode":false,"pivot":{"x":-12.440685272216797,"y":0.7812128067016602,"z":12.050810813903809},"rotation":{"x":0.030254550278186799,"y":-0.4895384907722473,"z":0.017204321920871736,"w":0.8714020848274231},"size":3.1960513591766359,"orthographic":false}