{"cameraMode":{"drawMode":0,"name":"Shaded","section":"Shading Mode"},"sceneLighting":false,"audioPlay":false,"sceneViewState":{"showFog":true,"showMaterialUpdate":false,"showSkybox":false,"showFlares":true,"showImageEffects":true,"showParticleSystems":true},"in2DMode":false,"pivot":{"x":0.0,"y":-0.0672043189406395,"z":7.450580596923828e-9},"rotation":{"x":0.0061851306818425659,"y":-0.9849584102630615,"z":0.16888190805912019,"w":0.03607260435819626},"size":0.2755735516548157,"orthographic":false}