{"cameraMode":{"drawMode":0,"name":"Shaded","section":"Shading Mode"},"sceneLighting":true,"audioPlay":false,"sceneViewState":{"showFog":true,"showMaterialUpdate":false,"showSkybox":true,"showFlares":true,"showImageEffects":true,"showParticleSystems":true},"in2DMode":false,"pivot":{"x":6.907646656036377,"y":18.086000442504884,"z":44.087646484375},"rotation":{"x":0.02054128795862198,"y":-0.9373340010643005,"z":0.34356802701950076,"w":0.05700951814651489},"size":10.146974563598633,"orthographic":false}