{"cameraMode":{"drawMode":0,"name":"Shaded","section":"Shading Mode"},"sceneLighting":false,"audioPlay":false,"sceneViewState":{"showFog":true,"showMaterialUpdate":false,"showSkybox":false,"showFlares":true,"showImageEffects":true,"showParticleSystems":true},"in2DMode":false,"pivot":{"x":11.079144477844239,"y":6.559187412261963,"z":5.729964256286621},"rotation":{"x":0.03288641944527626,"y":0.8877971172332764,"z":-0.06398695707321167,"w":0.45476388931274416},"size":34.839088439941409,"orthographic":false}