{"cameraMode":{"drawMode":0,"name":"Shaded","section":"Shading Mode"},"sceneLighting":false,"audioPlay":false,"sceneViewState":{"showFog":true,"showMaterialUpdate":false,"showSkybox":false,"showFlares":true,"showImageEffects":true,"showParticleSystems":true},"in2DMode":false,"pivot":{"x":0.0001895502209663391,"y":-1.7508864402770997e-7,"z":0.1891530454158783},"rotation":{"x":0.012876220047473908,"y":-0.7793987393379211,"z":-0.01736835576593876,"w":-0.6264806985855103},"size":0.31419578194618227,"orthographic":false}