{"cameraMode":{"drawMode":0,"name":"Shaded","section":"Shading Mode"},"sceneLighting":false,"audioPlay":false,"sceneViewState":{"showFog":true,"showMaterialUpdate":false,"showSkybox":false,"showFlares":true,"showImageEffects":true,"showParticleSystems":true},"in2DMode":false,"pivot":{"x":8.940696716308594e-8,"y":0.5506744980812073,"z":5.960464477539063e-8},"rotation":{"x":0.08783746510744095,"y":-0.849701464176178,"z":0.1512882262468338,"w":0.49788862466812136},"size":0.7375506162643433,"orthographic":false}