{"cameraMode":{"drawMode":0,"name":"Shaded","section":"Shading Mode"},"sceneLighting":false,"audioPlay":false,"sceneViewState":{"showFog":true,"showMaterialUpdate":false,"showSkybox":false,"showFlares":true,"showImageEffects":true,"showParticleSystems":true},"in2DMode":false,"pivot":{"x":19.586896896362306,"y":2.477893829345703,"z":-61.55381393432617},"rotation":{"x":-0.0010875918669626117,"y":-0.9857003688812256,"z":0.006204644683748484,"w":-0.16868382692337037},"size":33.627506256103519,"orthographic":false}