{"cameraMode":{"drawMode":0,"name":"Shaded","section":"Shading Mode"},"sceneLighting":false,"audioPlay":false,"sceneViewState":{"showFog":true,"showMaterialUpdate":false,"showSkybox":false,"showFlares":true,"showImageEffects":true,"showParticleSystems":true},"in2DMode":false,"pivot":{"x":-2.0000405311584474,"y":3.0,"z":2.000037908554077},"rotation":{"x":0.09248185157775879,"y":0.23984669148921967,"z":-0.022868279367685319,"w":0.9662615656852722},"size":4.123067378997803,"orthographic":false}