{"cameraMode":{"drawMode":0,"name":"Shaded","section":"Shading Mode"},"sceneLighting":false,"audioPlay":false,"sceneViewState":{"showFog":true,"showMaterialUpdate":false,"showSkybox":false,"showFlares":true,"showImageEffects":true,"showParticleSystems":true},"in2DMode":false,"pivot":{"x":64.88906860351563,"y":11.9602632522583,"z":-6.1974921226501469},"rotation":{"x":0.04250406473875046,"y":-0.7429876327514648,"z":-0.04766525328159332,"w":-0.6664037108421326},"size":36.11284637451172,"orthographic":false}