{"cameraMode":{"drawMode":0,"name":"Shaded","section":"Shading Mode"},"sceneLighting":false,"audioPlay":false,"sceneViewState":{"showFog":true,"showMaterialUpdate":false,"showSkybox":false,"showFlares":true,"showImageEffects":true,"showParticleSystems":true},"in2DMode":false,"pivot":{"x":48.92036437988281,"y":193.2179412841797,"z":360.84869384765627},"rotation":{"x":0.027940884232521058,"y":0.6092867255210877,"z":0.021261444315314294,"w":-0.7926717400550842},"size":4.127966403961182,"orthographic":false}