{"cameraMode":{"drawMode":0,"name":"Shaded","section":"Shading Mode"},"sceneLighting":false,"audioPlay":false,"sceneViewState":{"showFog":true,"showMaterialUpdate":false,"showSkybox":false,"showFlares":true,"showImageEffects":true,"showParticleSystems":true},"in2DMode":false,"pivot":{"x":0.1699138581752777,"y":0.2924932837486267,"z":0.15029725432395936},"rotation":{"x":0.08783746510744095,"y":-0.849701464176178,"z":0.1512882262468338,"w":0.49788862466812136},"size":0.4170103967189789,"orthographic":false}