{"cameraMode":{"drawMode":0,"name":"Shaded","section":"Shading Mode"},"sceneLighting":false,"audioPlay":false,"sceneViewState":{"showFog":true,"showMaterialUpdate":false,"showSkybox":false,"showFlares":true,"showImageEffects":true,"showParticleSystems":true},"in2DMode":false,"pivot":{"x":29.854999542236329,"y":5.206999778747559,"z":3.8340001106262209},"rotation":{"x":-0.09891876578330994,"y":-0.6079720854759216,"z":0.0751405730843544,"w":-0.7845966815948486},"size":10.0,"orthographic":false}