{"cameraMode":{"drawMode":0,"name":"Shaded","section":"Shading Mode"},"sceneLighting":true,"audioPlay":false,"sceneViewState":{"showFog":true,"showMaterialUpdate":false,"showSkybox":true,"showFlares":true,"showImageEffects":true,"showParticleSystems":true},"in2DMode":false,"pivot":{"x":5.745412826538086,"y":-38.21478271484375,"z":-41.59498977661133},"rotation":{"x":-0.036237332969903949,"y":0.9391651749610901,"z":-0.3270127475261688,"w":-0.10324025899171829},"size":34.486663818359378,"orthographic":false}