{"cameraMode":{"drawMode":0,"name":"Shaded","section":"Shading Mode"},"sceneLighting":false,"audioPlay":false,"sceneViewState":{"showFog":true,"showMaterialUpdate":false,"showSkybox":false,"showFlares":true,"showImageEffects":true,"showParticleSystems":true},"in2DMode":false,"pivot":{"x":-0.0625004768371582,"y":5.062502861022949,"z":2.086162567138672e-7},"rotation":{"x":0.12785941362380982,"y":-0.507008969783783,"z":0.07742642611265183,"w":0.8491606116294861},"size":7.186689853668213,"orthographic":false}