{"cameraMode":{"drawMode":0,"name":"Shaded","section":"Shading Mode"},"sceneLighting":false,"audioPlay":false,"sceneViewState":{"showFog":true,"showMaterialUpdate":false,"showSkybox":false,"showFlares":true,"showImageEffects":true,"showParticleSystems":true},"in2DMode":false,"pivot":{"x":-0.000843048095703125,"y":0.3035648763179779,"z":0.0022062063217163088},"rotation":{"x":0.09248185157775879,"y":0.23984669148921967,"z":-0.022868279367685319,"w":0.9662615656852722},"size":1.1895116567611695,"orthographic":false}