{"cameraMode":{"drawMode":0,"name":"Shaded","section":"Shading Mode"},"sceneLighting":false,"audioPlay":false,"sceneViewState":{"showFog":true,"showMaterialUpdate":false,"showSkybox":false,"showFlares":true,"showImageEffects":true,"showParticleSystems":true},"in2DMode":false,"pivot":{"x":-5.924479007720947,"y":2.0647971630096437,"z":-3.0567266941070558},"rotation":{"x":0.12785941362380982,"y":-0.507008969783783,"z":0.07742642611265183,"w":0.8491606116294861},"size":7.463522434234619,"orthographic":false}