{"cameraMode":{"drawMode":0,"name":"Shaded","section":"Shading Mode"},"sceneLighting":false,"audioPlay":false,"sceneViewState":{"showFog":true,"showMaterialUpdate":false,"showSkybox":false,"showFlares":true,"showImageEffects":true,"showParticleSystems":true},"in2DMode":false,"pivot":{"x":0.5806147456169128,"y":0.993626058101654,"z":0.31324315071105959},"rotation":{"x":0.08783746510744095,"y":-0.849701464176178,"z":0.1512882262468338,"w":0.49788862466812136},"size":1.192697525024414,"orthographic":false}