{"cameraMode":{"drawMode":0,"name":"Shaded","section":"Shading Mode"},"sceneLighting":false,"audioPlay":false,"sceneViewState":{"showFog":true,"showMaterialUpdate":false,"showSkybox":false,"showFlares":true,"showImageEffects":true,"showParticleSystems":true},"in2DMode":false,"pivot":{"x":0.0,"y":0.0010527074337005616,"z":-0.019985079765319825},"rotation":{"x":0.012876220047473908,"y":-0.7793987393379211,"z":-0.01736835576593876,"w":-0.6264806985855103},"size":0.690956175327301,"orthographic":false}