{"cameraMode":{"drawMode":0,"name":"Shaded","section":"Shading Mode"},"sceneLighting":false,"audioPlay":false,"sceneViewState":{"showFog":true,"showMaterialUpdate":false,"showSkybox":false,"showFlares":true,"showImageEffects":true,"showParticleSystems":true},"in2DMode":false,"pivot":{"x":-0.003191232681274414,"y":1.7574284076690674,"z":-0.0015853643417358399},"rotation":{"x":-0.060316748917102817,"y":0.9354144930839539,"z":-0.19650785624980927,"w":-0.2881889343261719},"size":2.317239761352539,"orthographic":false}