{"cameraMode":{"drawMode":0,"name":"Shaded","section":"Shading Mode"},"sceneLighting":false,"audioPlay":false,"sceneViewState":{"showFog":true,"showMaterialUpdate":false,"showSkybox":false,"showFlares":true,"showImageEffects":true,"showParticleSystems":true},"in2DMode":false,"pivot":{"x":7.152557373046875e-7,"y":1.5149297714233399,"z":0.003468036651611328},"rotation":{"x":0.09248185157775879,"y":0.23984669148921967,"z":-0.022868279367685319,"w":0.9662615656852722},"size":5.561324596405029,"orthographic":false}