{"cameraMode":{"drawMode":0,"name":"Shaded","section":"Shading Mode"},"sceneLighting":false,"audioPlay":false,"sceneViewState":{"showFog":true,"showMaterialUpdate":false,"showSkybox":false,"showFlares":true,"showImageEffects":true,"showParticleSystems":true},"in2DMode":false,"pivot":{"x":2.384185791015625e-7,"y":-0.026666641235351564,"z":0.011666662991046906},"rotation":{"x":0.012876220047473908,"y":-0.7793987393379211,"z":-0.01736835576593876,"w":-0.6264806985855103},"size":1.678309679031372,"orthographic":false}