{"cameraMode":{"drawMode":0,"name":"Shaded","section":"Shading Mode"},"sceneLighting":false,"audioPlay":false,"sceneViewState":{"showFog":true,"showMaterialUpdate":false,"showSkybox":false,"showFlares":true,"showImageEffects":true,"showParticleSystems":true},"in2DMode":false,"pivot":{"x":0.04137754440307617,"y":0.39219650626182558,"z":0.0},"rotation":{"x":0.09248185157775879,"y":0.23984669148921967,"z":-0.022868279367685319,"w":0.9662615656852722},"size":2.1993346214294435,"orthographic":false}