{"cameraMode":{"drawMode":0,"name":"Shaded","section":"Shading Mode"},"sceneLighting":false,"audioPlay":false,"sceneViewState":{"showFog":true,"showMaterialUpdate":false,"showSkybox":false,"showFlares":true,"showImageEffects":true,"showParticleSystems":true},"in2DMode":false,"pivot":{"x":-1.7269999980926514,"y":2.447564125061035,"z":-3.8305563926696779},"rotation":{"x":-0.0013764750910922886,"y":-0.9911805987358093,"z":0.13401809334754945,"w":-0.006410069763660431},"size":0.48718205094337466,"orthographic":false}