{"cameraMode":{"drawMode":0,"name":"Shaded","section":"Shading Mode"},"sceneLighting":false,"audioPlay":false,"sceneViewState":{"showFog":true,"showMaterialUpdate":false,"showSkybox":false,"showFlares":true,"showImageEffects":true,"showParticleSystems":true},"in2DMode":false,"pivot":{"x":-1.2000007629394532,"y":3.0,"z":-1.1920928955078126e-7},"rotation":{"x":0.09248185157775879,"y":0.23984669148921967,"z":-0.022868279367685319,"w":0.9662615656852722},"size":3.44673752784729,"orthographic":false}