{"cameraMode":{"drawMode":0,"name":"Shaded","section":"Shading Mode"},"sceneLighting":false,"audioPlay":false,"sceneViewState":{"showFog":true,"showMaterialUpdate":false,"showSkybox":false,"showFlares":true,"showImageEffects":true,"showParticleSystems":true},"in2DMode":false,"pivot":{"x":1.000000238418579,"y":0.5,"z":0.4999995231628418},"rotation":{"x":-0.028816761448979379,"y":-0.5100533962249756,"z":-0.016109010204672815,"w":0.8597848415374756},"size":1.2248245477676392,"orthographic":false}