{"cameraMode":{"drawMode":0,"name":"Shaded","section":"Shading Mode"},"sceneLighting":false,"audioPlay":false,"sceneViewState":{"showFog":true,"showMaterialUpdate":false,"showSkybox":false,"showFlares":true,"showImageEffects":true,"showParticleSystems":true},"in2DMode":false,"pivot":{"x":-12.0849609375,"y":5.190705299377441,"z":-0.07925311475992203},"rotation":{"x":0.025151481851935388,"y":0.6843262314796448,"z":0.023608552291989328,"w":-0.7284254431724548},"size":8.788698196411133,"orthographic":false}