{"cameraMode":{"drawMode":0,"name":"Shaded","section":"Shading Mode"},"sceneLighting":false,"audioPlay":false,"sceneViewState":{"showFog":true,"showMaterialUpdate":false,"showSkybox":false,"showFlares":true,"showImageEffects":true,"showParticleSystems":true},"in2DMode":false,"pivot":{"x":0.12574440240859986,"y":0.0,"z":-0.11546623706817627},"rotation":{"x":0.012876220047473908,"y":-0.7793987393379211,"z":-0.01736835576593876,"w":-0.6264806985855103},"size":0.8523064255714417,"orthographic":false}