{"cameraMode":{"drawMode":0,"name":"Shaded","section":"Shading Mode"},"sceneLighting":false,"audioPlay":false,"sceneViewState":{"showFog":true,"showMaterialUpdate":false,"showSkybox":false,"showFlares":true,"showImageEffects":true,"showParticleSystems":true},"in2DMode":false,"pivot":{"x":-3.23097562789917,"y":3.1946966648101808,"z":4.932345390319824},"rotation":{"x":-0.0013764750910922886,"y":-0.9911805987358093,"z":0.13401809334754945,"w":-0.006410069763660431},"size":1.788079023361206,"orthographic":false}