{"cameraMode":{"drawMode":0,"name":"Shaded","section":"Shading Mode"},"sceneLighting":false,"audioPlay":false,"sceneViewState":{"showFog":true,"showMaterialUpdate":false,"showSkybox":false,"showFlares":true,"showImageEffects":true,"showParticleSystems":true},"in2DMode":false,"pivot":{"x":31.270000457763673,"y":201.18722534179688,"z":371.8500061035156},"rotation":{"x":0.027940884232521058,"y":0.6092867255210877,"z":0.021261444315314294,"w":-0.7926717400550842},"size":1.4196521043777466,"orthographic":false}