{"cameraMode":{"drawMode":0,"name":"Shaded","section":"Shading Mode"},"sceneLighting":false,"audioPlay":false,"sceneViewState":{"showFog":true,"showMaterialUpdate":false,"showSkybox":false,"showFlares":true,"showImageEffects":true,"showParticleSystems":true},"in2DMode":false,"pivot":{"x":5.438923835754395e-7,"y":1.9997327327728272,"z":2.384185791015625e-7},"rotation":{"x":-0.028816761448979379,"y":-0.5100533962249756,"z":-0.016109010204672815,"w":0.8597848415374756},"size":4.93087911605835,"orthographic":false}