{"cameraMode":{"drawMode":0,"name":"Shaded","section":"Shading Mode"},"sceneLighting":false,"audioPlay":false,"sceneViewState":{"showFog":true,"showMaterialUpdate":false,"showSkybox":false,"showFlares":true,"showImageEffects":true,"showParticleSystems":true},"in2DMode":false,"pivot":{"x":51.66947555541992,"y":194.08541870117188,"z":357.185302734375},"rotation":{"x":0.027940884232521058,"y":0.6092867255210877,"z":0.021261444315314294,"w":-0.7926717400550842},"size":1.9064416885375977,"orthographic":false}