{"cameraMode":{"drawMode":0,"name":"Shaded","section":"Shading Mode"},"sceneLighting":false,"audioPlay":false,"sceneViewState":{"showFog":true,"showMaterialUpdate":false,"showSkybox":false,"showFlares":true,"showImageEffects":true,"showParticleSystems":true},"in2DMode":false,"pivot":{"x":-4.306089401245117,"y":8.791248321533204,"z":-10.509845733642579},"rotation":{"x":-0.010917559266090393,"y":-0.9890751242637634,"z":-0.1018383651971817,"w":0.10603281110525131},"size":8.635846138000489,"orthographic":false}