{"cameraMode":{"drawMode":0,"name":"Shaded","section":"Shading Mode"},"sceneLighting":false,"audioPlay":false,"sceneViewState":{"showFog":true,"showMaterialUpdate":false,"showSkybox":false,"showFlares":true,"showImageEffects":true,"showParticleSystems":true},"in2DMode":false,"pivot":{"x":30.686355590820314,"y":2.163513422012329,"z":9.195698738098145},"rotation":{"x":0.0017830339493229986,"y":-0.9971007704734802,"z":0.06984375417232514,"w":0.038236334919929507},"size":7.542806148529053,"orthographic":false}